"input_ms","launch_ms","search_ms","first_draw_ms"
81269389.676000,0.503000,0.973000,24.892000
81270504.795000,0.224000,0.812000,24.277000
81271570.904000,0.318000,0.927000,22.241000
81272704.712000,0.293000,0.824000,20.081000
81273838.206000,0.160000,1.039000,19.946000
81274957.153000,1.133000,1.361000,27.242000
81276088.321000,0.320000,0.738000,14.948000
81277222.981000,0.314000,0.991000,11.611000
81278338.037000,0.415000,1.078000,14.985000
81279474.589000,0.245000,0.646000,9.318000
81280592.115000,0.405000,3.976000,21.737000
81281705.239000,0.489000,0.575000,12.331000
